sampleId,lat,long,continent,country,nPools,nFlies,nToUse,Date,SRA_Accession,SOURCE,DataType,TimeRange
AU_Tas_Sor_1_2004-07-01,-42.77,147.56,Oceania,Australia,1,18,1,2004-07-01,,dgn,PoolSeq,0
AU_Vic_Mel_1_2021-04-19,-37.456222,144.940778,Oceania,Australia,1,40,1,2021-04-19,,DrosEU_3,PoolSeq,0
AU_Vic_Tah_1_2017-12-04,-36.835805,145.095787,Oceania,Australia,1,40,1,2017-12-04,,DrosEU_3,PoolSeq,0
AU_Vic_Yer_1_NA-MM-DD,-37.6933,145.3499,Oceania,Australia,1,22,1,NA-MM-DD,SRR2587482,dest_plus,PoolSeq,Absent
BR_Rio_San_1_2020-01-06,-29.678333,-53.69,South_America,Brasil,1,40,1,2020-01-06,,DrosEU_3_sa,PoolSeq,0
BR_Sao_USP_1_2019-09-15,-23.994722,-46.2525,South_America,Brasil,1,34,1,2019-09-15,,DrosEU_3_sa,PoolSeq,0
BY_Bre_Bre_1_2015-09-11,52.142193,23.662434,Europe,Belarus,1,40,1,2015-09-11,SRR8439157,DrosEU,PoolSeq,0
CH_Fri_Ors_1_2020-08-23,46.71061,6.98713,Europe,Switzerland,1,40,1,2020-08-23,,DrosEU_3,PoolSeq,0
CM_Nor_Oku_1_2004-04-15,6.25,10.43,Africa,Cameroon,1,10,1,2004-04-15,,dgn,PoolSeq,0
CO_Cun_LaV_1_2019-02-21,4.995972,-74.364194,South_America,Colombia,1,40,1,2019-02-21,,DrosEU_3_sa,PoolSeq,0
CO_Cun_Tab_1_2019-12-20,4.967111,-74.083889,South_America,Colombia,1,39,1,2019-12-20,,DrosEU_3_sa,PoolSeq,0
CO_Mag_Sie_1_2019-07-24,11.143611,-74.117778,South_America,Colombia,1,40,1,2019-07-24,,DrosEU_3_sa,PoolSeq,0
CO_Tol_Gir_1_2019-04-04,4.489722,-75.311667,South_America,Colombia,1,40,1,2019-04-04,,DrosEU_3_sa,PoolSeq,0
CO_Tol_Mel_1_2019-06-11,4.203889,-74.642778,South_America,Colombia,1,40,1,2019-06-11,,DrosEU_3_sa,PoolSeq,0
CY_Nic_Nic_1_2014-08-10,35.066461,33.322646,Asia,Cyprus,1,40,1,2014-08-10,SRR5647756,DrosEU,PoolSeq,0
DE_Bra_Ber_1_2021-07-24,52.69907,13.07596,Europe,Germany,1,40,1,2021-07-24,,DrosEU_3,PoolSeq,0
DE_Bra_Ber_2_2021-07-24,52.38012,12.86791,Europe,Germany,1,40,1,2021-07-24,,DrosEU_3,PoolSeq,0
EC_Pic_Con_1_2019-06-26,-0.288806,-78.494472,South_America,Ecuador,1,40,1,2019-06-26,,DrosEU_3_sa,PoolSeq,0
EG_Al_Cai_1_2011-01-16,30.1,31.32,Africa,Egypt,1,29,1,2011-01-16,,dgn,PoolSeq,0
ES_Bal_Tom_1_2021-10-07,39.1689,2.9849,Europe,Spain,1,32,1,2021-10-07,,DrosEU_3,PoolSeq,0
ES_Ciu_Man_1_2020-08-10,38.9707208053836,-3.4072120460269,Europe,Spain,1,30,1,2020-08-10,,DrosEU_3,PoolSeq,0
ES_Ler_Pin_1_2018-10-10,41.485,0.522,Europe,Spain,1,18,1,2018-10-10,,DrosEU_3,PoolSeq,0
ES_Mad_Yep_1_2018-11-06,40.06,-3.53,Europe,Spain,1,32,1,2018-11-06,,DrosEU_3,PoolSeq,0
ES_Tol_Vil_1_2018-10-07,39.87,-3.32,Europe,Spain,1,40,1,2018-10-07,,DrosEU_3,PoolSeq,0
ES_Zam_Ose_1_2018-09-20,41.53,-5.68,Europe,Spain,1,40,1,2018-09-20,,DrosEU_3,PoolSeq,0
ET_Amh_Deb_1_2011-12-16,9.68,39.53,Africa,Ethiopia,1,5,1,2011-12-16,,dgn,PoolSeq,0
ET_Gam_Gam_1_2011-12-16,8.25,34.59,Africa,Ethiopia,1,20,1,2011-12-16,,dgn,PoolSeq,0
ET_Oro_Dod_1_2008-12-16,6.98,39.18,Africa,Ethiopia,1,5,1,2008-12-16,,dgn,PoolSeq,0
ET_Oro_Fic_1_2011-12-16,9.81,38.63,Africa,Ethiopia,1,63,1,2011-12-16,,dgn,PoolSeq,0
ET_Sou_Bon_1_2011-12-16,7.26,36.25,Africa,Ethiopia,1,5,1,2011-12-16,,dgn,PoolSeq,0
FI_Cen_Jyv_1_2019-09-19,62.0,25.0,Europe,Finland,1,20,1,2019-09-19,,DrosEU_3,PoolSeq,0
FR_Cot_Mar_1_2020-08-02,47.42884,5.0776,Europe,France,1,40,1,2020-08-02,,DrosEU_3,PoolSeq,0
FR_Eur_Sai_1_2018-09-15,48.13,1.34,Europe,France,1,30,1,2018-09-15,,DrosEU_3,PoolSeq,0
FR_Gua_Des_1_2015-12-16,16.32,-61.78,North_America,Guadeloupe,1,40,1,2015-12-16,SRR8439114,DrosEU,PoolSeq,0
FR_Gua_Sai_1_2015-12-23,16.25,-61.28,North_America,Guadeloupe,1,40,1,2015-12-23,SRR8439112,DrosEU,PoolSeq,0
FR_Rho_Lyo_1_2010-07-16,45.77,4.86,Europe,France,1,87,1,2010-07-16,,dgn,PoolSeq,0
GA_Hau_Fra_1_2002-03-16,-1.65,13.6,Africa,Gabon,1,9,1,2002-03-16,,dgn,PoolSeq,0
GB_Edi_Sou_1_2014-07-14,55.972871,-3.351475,Europe,United Kingdom,1,40,1,2014-07-14,SRR5647757,DrosEU,PoolSeq,0
GB_Ken_Ken_1_2019-09-16,51.351161,0.184561,Europe,UK,1,40,1,2019-09-16,,DrosEU_3,PoolSeq,0
GB_Lei_Lut_1_2014-10-20,52.433592,-1.102667,Europe,United Kingdom,1,40,1,2014-10-20,SRR5647759,DrosEU,PoolSeq,0
GN_Dal_Don_1_2005-06-15,10.7,-12.25,Africa,Guinea,1,5,1,2005-06-15,,dgn,PoolSeq,0
HU_Sze_Sze_1_2016-08-28,46.25,20.13,Europe,Hungary,1,40,1,2016-08-28,SRR8494453,DrosEU,PoolSeq,0
IT_Sas_Rec_1_2018-10-18,41.15,8.41,Europe,Portugal,1,40,1,2018-10-18,,DrosEU_3,PoolSeq,0
KE_Cen_Nya_1_2009-01-16,0.04,36.36,Africa,Kenya,1,5,1,2009-01-16,,dgn,PoolSeq,0
MA_Tan_Lar_1_2021-09-06,35.146733889239,-6.14977144602926,Africa,Morocco,1,40,1,2021-09-06,,DrosEU_3,PoolSeq,0
NG_Bor_Mai_1_2004-09-16,11.85,13.16,Africa,Nigeria,1,6,1,2004-09-16,,dgn,PoolSeq,0
NL_Utr_Hou_1_1998-07-01,52.02,5.1,Europe,Netherlands,1,19,1,1998-07-01,,dgn,PoolSeq,0
PA_Pan_Pan_1_2012-01-16,8.9844,-79.5178,North_America,Panama,1,50,1,2012-01-16,SRR3053560,dest_plus,PoolSeq,0
PL_Lub_Lub_1_2019-09-10,51.2315,22.524833,Europe,Poland,1,40,1,2019-09-10,,DrosEU_3,PoolSeq,0
PL_Pom_Gda_1_2016-08-01,54.35,18.64,Europe,Poland,1,40,1,2016-08-01,SRR8494455,DrosEU,PoolSeq,0
RS_Kol_Sla_1_2021-09-14,44.15,20.18,Europe,Serbia,1,38,1,2021-09-14,,DrosEU_3,PoolSeq,0
RS_Kol_Sla_1_2021-MM-DD,44.104161,19.981698,Europe,Serbia,1,40,1,2021-MM-DD,,DrosEU_3,PoolSeq,Absent
RS_Mac_Zaj_1_2020-09-13,44.4455,19.2512,Europe,Serbia,1,40,1,2020-09-13,,DrosEU_3,PoolSeq,0
RS_Pod_Sta_1_2019-09-19,44.59,20.9,Europe,Serbia,1,40,1,2019-09-19,,DrosEU_3,PoolSeq,0
RU_Tul_Tul_1_2015-09-20,53.99778,38.13167,Europe,Russia,1,40,1,2015-09-20,SRR8439159,DrosEU,PoolSeq,0
RW_Wes_Gik_1_2008-12-16,-2.49,28.92,Africa,Rwanda,1,27,1,2008-12-16,,dgn,PoolSeq,0
UA_Che_Kan_1_2016-07-08,49.72,31.53,Europe,Ukraine,1,40,1,2016-07-08,SRR8494448,DrosEU,PoolSeq,0
UA_Che_Pyr_1_2016-08-23,50.53752,32.51880556,Europe,Ukraine,1,40,1,2016-08-23,SRR8494424,DrosEU,PoolSeq,0
UA_Don_Roz_1_2021-08-12,48.690794,37.005189,Europe,Ukraine,1,40,1,2021-08-12,,DrosEU_3,PoolSeq,0
UA_Kie_Kho_1_2021-08-09,50.58886,30.57138,Europe,Ukraine,1,40,1,2021-08-09,,DrosEU_3,PoolSeq,0
UA_Myk_Ryb_1_2021-07-22,46.616779,31.355456,Europe,Ukraine,1,40,1,2021-07-22,,DrosEU_3,PoolSeq,0
UA_Vol_Lut_1_2019-08-28,50.747778,25.324444,Europe,Ukraine,1,40,1,2019-08-28,,DrosEU_3,PoolSeq,0
UA_Zap_Zap_1_2019-06-17,47.803529,35.202091,Europe,Ukraine,1,36,1,2019-06-17,,DrosEU_3,PoolSeq,0
UG_Kis_Kis_1_2012-01-16,-1.28,29.69,Africa,Uganda,1,5,1,2012-01-16,,dgn,PoolSeq,0
US_Cal_Win_1_1998-07-02,38.53,-121.97,North_America,United States,1,35,1,1998-07-02,,dgn,PoolSeq,0
US_Geo_Hah_1_2008-07-16,30.99,-83.37,North_America,USA,1,51,1,2008-07-16,SRR1525695,DrosRTEC,PoolSeq,0
US_Ill_Urb_1_2015-07-11,40.11,-88.21,North_America,USA,1,184,1,2015-07-11,SRR3939094,DrosRTEC,PoolSeq,0
US_Kan_Top_1_2014-06-22,39.0913433,-95.6246509,North_America,USA,1,72,1,2014-06-22,SRR3939086,DrosRTEC,PoolSeq,0
US_Kan_Top_1_2014-10-22,39.202831,-95.741527,North_America,USA,1,48,1,2014-10-22,SRR3939085,DrosRTEC,PoolSeq,0
US_Sou_Eut_1_2010-07-15,33.39,-80.34,North_America,USA,1,48,1,2010-07-15,SRR1525696,DrosRTEC,PoolSeq,0
US_Was_Tac_1_2014-07-15,47.23713,-122.39627,North_America,USA,1,70,1,2014-07-15,SRR8061818,DrosRTEC,PoolSeq,0
ZA_Eas_Bar_1_2011-12-16,-30.97,27.59,Africa,South Africa,1,5,1,2011-12-16,,dgn,PoolSeq,0
ZA_Lim_Pha_1_2010-07-16,-23.94,31.14,Africa,South Africa,1,30,1,2010-07-16,,dgn,PoolSeq,0
ZA_Mpu_Dul_1_2011-12-16,-25.42,30.1,Africa,South Africa,1,76,1,2011-12-16,,dgn,PoolSeq,0
ZM_Sou_Sia_1_2010-07-16,-16.54,28.72,Africa,Zambia,1,196,1,2010-07-16,,dgn,PoolSeq,0
ZW_Mat_Vic_1_2001-07-16,-17.94,25.83,Africa,Zimbabwe,1,9,1,2001-07-16,,dgn,PoolSeq,0
mel68,27.26,112.68,Asia,China,0,1,1,2017-08-30,SRR23103903,Chen et al. (2024),IndSeq,0
mel94,36.56,101.74,Asia,China,0,1,1,2017-08-13,SRR23103775,Chen et al. (2024),IndSeq,0
mel99,34.27,105.47,Asia,China,0,1,1,2017-08-11,SRR23103770,Chen et al. (2024),IndSeq,0
mel273,29.58,103.74,Asia,China,0,1,1,2020-09-10,SRR23104007,Chen et al. (2024),IndSeq,0
Indian1,9.93,76.26,Asia,India,0,1,1,2015-07 to 2015-10,SRR3946370,Singhal et al. (30),IndSeq,Absent
Indian2,23.02,72.57,Asia,India,0,1,1,2015-07 to 2015-10,SRR3990712,Singhal et al. (30),IndSeq,Absent
t4,3.15,101.7,Asia,Malaysia,0,1,1,1962,SRR457668,King et al. (28),IndSeq,Absent
SAM,39.65,66.97,Asia,Uzbekistan,0,1,1,1936,SRR457695,King et al. (28),IndSeq,Absent
"AT_Kar_See_1_2014-08-17, AT_Kar_See_1_2016-08-01",46.8136889,13.50794792,Europe,Austria,2,80,2,"2014-08-17,2016-08-01","SRR5647746, SRR8494439",DrosEU,PoolSeq,715
"AT_Nie_Mau_1_2014-07-20, AT_Nie_Mau_1_2014-10-19, AT_Nie_Mau_1_2015-07-20, AT_Nie_Mau_1_2015-10-19",48.375,15.56,Europe,Austria,4,160,4,"2014-07-20,2014-10-19,2015-07-20,2015-10-19","SRR5647751, SRR5647750, SRR8439127, SRR8439143",DrosEU,PoolSeq,456
"AT_Wie_Gro_1_2012-08-03, AT_Wie_Gro_1_2012-10-20",48.2,16.37,Europe,Austria,2,106,2,"2012-08-03,2012-10-20","SRR3590553, SRR3590552",DrosRTEC,PoolSeq,78
"AU_Que_Inn_-1_2014-02-15, AU_Que_Inn_0_2014-02-15, AU_Que_Inn_10_2014-02-15, AU_Que_Inn_11_2014-02-15, AU_Que_Inn_12_2014-02-15, AU_Que_Inn_13_2014-02-15, AU_Que_Inn_14_2014-02-15, AU_Que_Inn_15_2014-02-15, AU_Que_Inn_16_2014-02-15, AU_Que_Inn_17_2014-02-15, AU_Que_Inn_18_2014-02-15, AU_Que_Inn_19_2014-02-15, AU_Que_Inn_1_2014-02-15, AU_Que_Inn_1_NA-MM-DD, AU_Que_Inn_20_2014-02-15, AU_Que_Inn_2_2014-02-15, AU_Que_Inn_3_2014-02-15, AU_Que_Inn_4_2014-02-15, AU_Que_Inn_5_2014-02-15, AU_Que_Inn_6_2014-02-15, AU_Que_Inn_7_2014-02-15, AU_Que_Inn_8_2014-02-15, AU_Que_Inn_9_2014-02-15",-17.49613043478261,145.9915652173913,Oceania,Australia,23,2510,23,"2014-02-15,NA-MM-DD","SRR8449034;SRR8448958;SRR8448909;SRR8449051;SRR8449038;SRR8448994;SRR8448966;SRR8449062, SRR8449061;SRR8449058;SRR8449035;SRR8448959;SRR8448910;SRR8449050;SRR8448953;SRR8449039;SRR8448995;SRR8448967, SRR8449061, SRR8449010, SRR8449058, SRR8449034, SRR8449035, SRR8448958, SRR8448959, SRR8448909, SRR8448910, SRR8449051, SRR8448952, SRR2587089, SRR8449050, SRR8448953, SRR8449038, SRR8449039, SRR8448994, SRR8448995, SRR8448966, SRR8448967, SRR8449062",dest_plus,PoolSeq,0
"AU_Que_Isl_10_2014-03-15, AU_Que_Isl_1_2014-03-15, AU_Que_Isl_2_2014-03-15, AU_Que_Isl_3_2014-03-15, AU_Que_Isl_4_2014-03-15, AU_Que_Isl_5_2014-03-15, AU_Que_Isl_6_2014-03-15, AU_Que_Isl_7_2014-03-15, AU_Que_Isl_8_2014-03-15, AU_Que_Isl_9_2014-03-15, AU_Que_Isl_0_2014-03-15",-25.170000000000005,149.93000000000004,Oceania,Australia,11,1268,11,2014-03-15,"SRR8449032, SRR8449006, SRR8448981, SRR8448992, SRR8448962, SRR8448922, SRR8449014, SRR8448975, SRR8448950, SRR8448913, SRR8449032;SRR8449006;SRR8448981;SRR8448992;SRR8448962;SRR8448922;SRR8449014;SRR8448975;SRR8448950;SRR8448913",dest_plus,PoolSeq,0
"AU_Que_Que_1_2004-07-01, AU_Que_Que_2_2004-07-01",-16.927537,145.750821,Oceania,Australia,2,34,2,2004-07-01,"SRR1177952, SRR1177951",dest_plus,PoolSeq,0
"AU_Que_Yep_0_2014-05-16, AU_Que_Yep_10_2014-05-16, AU_Que_Yep_1_2014-05-16, AU_Que_Yep_2_2014-05-16, AU_Que_Yep_3_2014-05-16, AU_Que_Yep_4_2014-05-16, AU_Que_Yep_5_2014-05-16, AU_Que_Yep_6_2014-05-16, AU_Que_Yep_7_2014-05-16, AU_Que_Yep_8_2014-05-16, AU_Que_Yep_9_2014-05-16",-23.13,150.73,Oceania,Australia,11,1268,11,2014-05-16,"SRR8449033;SRR8449009;SRR8448980;SRR8448993;SRR8448963;SRR8448923;SRR8449013;SRR8448974;SRR8448951;SRR8448914, SRR8449033, SRR8449009, SRR8448980, SRR8448993, SRR8448963, SRR8448923, SRR8449013, SRR8448974, SRR8448951, SRR8448914",dest_plus,PoolSeq,0
"AU_Sou_MtG_8_2014-04-16, AU_Sou_MtG_9_2014-04-16, AU_Sou_MtG_0_2014-04-16, AU_Sou_MtG_10_2014-04-16, AU_Sou_MtG_1_2014-04-16, AU_Sou_MtG_2_2014-04-16, AU_Sou_MtG_3_2014-04-16, AU_Sou_MtG_4_2014-04-16, AU_Sou_MtG_5_2014-04-16, AU_Sou_MtG_6_2014-04-16, AU_Sou_MtG_7_2014-04-16",-37.82,140.77,Oceania,Australia,11,1268,11,2014-04-16,"SRR8448933, SRR8449055, SRR8449036;SRR8449046;SRR8448998;SRR8448943;SRR8449066;SRR8448920;SRR8449024;SRR8449004;SRR8448933;SRR8449055, SRR8449036, SRR8449046, SRR8448998, SRR8448943, SRR8449066, SRR8448920, SRR8449024, SRR8449004",dest_plus,PoolSeq,0
"AU_Tas_Hil_0_2014-04-16, AU_Tas_Hil_10_2014-04-16, AU_Tas_Hil_1_2014-04-16, AU_Tas_Hil_2_2014-04-16, AU_Tas_Hil_3_2014-04-16, AU_Tas_Hil_4_2014-04-16, AU_Tas_Hil_5_2014-04-16, AU_Tas_Hil_6_2014-04-16, AU_Tas_Hil_7_2014-04-16, AU_Tas_Hil_8_2014-04-16, AU_Tas_Hil_9_2014-04-16",-43.0,146.90000000000003,Oceania,Australia,11,1268,11,2014-04-16,"SRR8449029;SRR8449043;SRR8448984;SRR8448946;SRR8448969;SRR8448927;SRR8449021;SRR8448978;SRR8448936;SRR8448918, SRR8449029, SRR8449043, SRR8448984, SRR8448946, SRR8448969, SRR8448927, SRR8449021, SRR8448978, SRR8448936, SRR8448918",dest_plus,PoolSeq,0
"AU_Tas_Luc_0_2014-04-16, AU_Tas_Luc_10_2014-04-16, AU_Tas_Luc_1_2014-04-16, AU_Tas_Luc_2_2014-04-16, AU_Tas_Luc_3_2014-04-16, AU_Tas_Luc_4_2014-04-16, AU_Tas_Luc_5_2014-04-16, AU_Tas_Luc_6_2014-04-16, AU_Tas_Luc_7_2014-04-16, AU_Tas_Luc_8_2014-04-16, AU_Tas_Luc_9_2014-04-16",-41.23,146.98,Oceania,Australia,11,1268,11,2014-04-16,"SRR8449028;SRR8449042;SRR8448985;SRR8448947;SRR8448968;SRR8448926;SRR8449020;SRR8448979;SRR8448937;SRR8448917, SRR8449028, SRR8449042, SRR8448985, SRR8448947, SRR8448968, SRR8448926, SRR8449020, SRR8448979, SRR8448937, SRR8448917",dest_plus,PoolSeq,0
"AU_Tas_Tas_1_2004-07-01, AU_Tas_Tas_2_2004-07-01",-42.061824,146.738165,Oceania,Australia,2,30,2,2004-07-01,"SRR1177955, SRR1177953",dest_plus,PoolSeq,0
"AU_Vic_Ham_4_2014-05-16, AU_Vic_Ham_5_2014-05-16, AU_Vic_Ham_6_2014-05-16, AU_Vic_Ham_7_2014-05-16, AU_Vic_Ham_8_2014-05-16, AU_Vic_Ham_9_2014-05-16, AU_Vic_Ham_0_2014-05-16, AU_Vic_Ham_10_2014-05-16, AU_Vic_Ham_1_2014-05-16, AU_Vic_Ham_2_2014-05-16, AU_Vic_Ham_3_2014-05-16",-37.43,142.02,Oceania,Australia,11,1268,11,2014-05-16,"SRR8449065, SRR8448921, SRR8449025, SRR8449005, SRR8448932, SRR8449054, SRR8449037;SRR8449047;SRR8448999;SRR8448942;SRR8449065;SRR8448921;SRR8449025;SRR8449005;SRR8448932;SRR8449054, SRR8449037, SRR8449047, SRR8448999, SRR8448942",dest_plus,PoolSeq,0
"CA_New_StJ_0_2013-10-15, CA_New_StJ_10_2013-10-15, CA_New_StJ_1_2013-10-15, CA_New_StJ_2_2013-10-15, CA_New_StJ_3_2013-10-15, CA_New_StJ_4_2013-10-15, CA_New_StJ_5_2013-10-15, CA_New_StJ_6_2013-10-15, CA_New_StJ_7_2013-10-15, CA_New_StJ_8_2013-10-15, CA_New_StJ_9_2013-10-15",45.25,-66.06999999999998,North_America,Canada,11,1268,11,2013-10-15,"SRR8449030;SRR8448990;SRR8448987;SRR8448945;SRR8448960;SRR8448924;SRR8449016;SRR8448977;SRR8448939;SRR8448915, SRR8449030, SRR8448990, SRR8448987, SRR8448945, SRR8448960, SRR8448924, SRR8449016, SRR8448977, SRR8448939, SRR8448915",dest_plus,PoolSeq,0
"CA_Nov_Gas_8_2013-10-15, CA_Nov_Gas_9_2013-10-15, CA_Nov_Gas_0_2013-10-15, CA_Nov_Gas_10_2013-10-15, CA_Nov_Gas_1_2013-10-15, CA_Nov_Gas_2_2013-10-15, CA_Nov_Gas_3_2013-10-15, CA_Nov_Gas_4_2013-10-15, CA_Nov_Gas_5_2013-10-15, CA_Nov_Gas_6_2013-10-15, CA_Nov_Gas_7_2013-10-15",45.07999999999999,-64.37,North_America,Canada,11,1268,11,2013-10-15,"SRR8448938, SRR8448916, SRR8449031;SRR8448991;SRR8448986;SRR8448944;SRR8448961;SRR8448925;SRR8448919;SRR8448976;SRR8448938;SRR8448916, SRR8449031, SRR8448991, SRR8448986, SRR8448944, SRR8448961, SRR8448925, SRR8448919, SRR8448976",dest_plus,PoolSeq,0
"CA_Ont_Sud_1_2015-08-03, CA_Ont_Sud_1_2015-09-30",46.53,-80.96,North_America,Canada,2,218,2,"2015-08-03,2015-09-30","SRR3939091, SRR3939092",DrosRTEC,PoolSeq,58
"CH_Vau_Cha_1_2016-08-15, CH_Vau_Cha_1_2014-07-24, CH_Vau_Cha_1_2014-10-05, CH_Vau_Cha_1_2015-08-01",46.5670416,6.701867,Europe,Switzerland,4,160,4,"2016-08-15,2014-07-24,2014-10-05,2015-08-01","SRR8494459, SRR5647754, SRR5647758, SRR8439166",DrosEU,PoolSeq,753
"CH_Vau_Vul_1_2018-09-18, CH_Vau_Vul_1_2019-07-17, CH_Vau_Vul_1_2019-09-24, CH_Vau_Vul_1_2020-07-29, CH_Vau_Vul_1_2020-09-15",46.93947,7.053320000000001,Europe,Switzerland,5,200,5,"2018-09-18,2019-07-17,2019-09-24,2020-07-29,2020-09-15","nan, nan, nan, nan, nan",DrosEU_3,PoolSeq,728
"CN_Bei_Bei_1_1992-09-16, mel164, mel165, mel166, mel167, mel168, B04, B05, B10, B11, B14, B23, B12, B28, B38, B42, B43, B51, B52, B54, B59, mel140, mel142, mel143",39.92124999999999,116.39333333333332,Asia,China,24,38,24,"1992-09-16,2017-07-30,1992-09,2017-08-02","nan, SRR23103814, SRR23103813, SRR23103812, SRR23103811, SRR23103810, SRR1662283, SRR1663528, SRR1663529, SRR1663530, SRR1663532, SRR1663533, SRR1663531, SRR1663534, SRR1663535, SRR1663536, SRR1663537, SRR1663538, SRR1663539, SRR1663540, SRR1663541, SRR23103970, SRR23103969, SRR23103968","dgn, Chen et al. (2024), Grenier et al. (9)","PoolSeq, IndSeq",9086
"DE_Bad_Bro_1_2020-10-24, DE_Bad_Bro_1_2021-07-21, DE_Bad_Bro_1_2021-10-20, DE_Bad_Bro_1_2014-06-26, DE_Bad_Bro_1_2014-10-15, DE_Bad_Bro_1_2015-06-30, DE_Bad_Bro_1_2015-10-25, DE_Bad_Bro_1_2016-07-24, DE_Bad_Bro_1_2016-10-23, DE_Bad_Bro_1_2017-06-27, DE_Bad_Bro_1_2018-06-26, DE_Bad_Bro_1_2019-07-03, DE_Bad_Bro_1_2020-07-16",48.21795246153847,7.819416153846153,Europe,Germany,13,519,13,"2020-10-24,2021-07-21,2021-10-20,2014-06-26,2014-10-15,2015-06-30,2015-10-25,2016-07-24,2016-10-23,2017-06-27,2018-06-26,2019-07-03,2020-07-16","nan, nan, nan, SRR5647762, SRR5647761, SRR8439148, SRR8439144, SRR8494434, SRR8494452, nan, nan, nan, nan","DrosEU_3, DrosEU",PoolSeq,2673
"DE_Bad_Wal_1_2019-10-02, DE_Bad_Wal_1_2020-10-02",47.622135,8.217058,Europe,Germany,2,60,2,"2019-10-02,2020-10-02","nan, nan",DrosEU_3,PoolSeq,366
"DE_Bay_Mun_1_2014-06-19, DE_Bay_Mun_1_2014-09-03, DE_Bay_Mun_1_2015-06-01, DE_Bay_Mun_1_2015-09-01, DE_Bay_Mun_1_2016-06-25, DE_Bay_Mun_1_2016-09-01, DE_Bay_Mun_1_2017-06-20, DE_Bay_Mun_1_2017-09-03, DE_Bay_Mun_1_2018-06-25, DE_Bay_Mun_1_2018-09-09, DE_Bay_Mun_1_2019-06-22, DE_Bay_Mun_1_2019-09-02, DE_Bay_Mun_1_2020-06-25, DE_Bay_Mun_1_2020-09-05, DE_Bay_Mun_1_2021-06-25, DE_Bay_Mun_1_2021-09-04",48.18,11.61,Europe,Germany,16,640,16,"2014-06-19,2014-09-03,2015-06-01,2015-09-01,2016-06-25,2016-09-01,2017-06-20,2017-09-03,2018-06-25,2018-09-09,2019-06-22,2019-09-02,2020-06-25,2020-09-05,2021-06-25,2021-09-04","SRR5647744, SRR5647745, SRR8439125, SRR8439124, SRR8494451, SRR8494454, nan, nan, nan, nan, nan, nan, nan, nan, nan, nan","DrosEU, DrosEU_3",PoolSeq,2634
"DE_Bay_Wue_1_2021-10-18, DE_Bay_Wue_1_2020-07-18, DE_Bay_Wue_1_2020-09-23, DE_Bay_Wue_1_2021-07-27",49.7793705,9.975111,Europe,Germany,4,160,4,"2021-10-18,2020-07-18,2020-09-23,2021-07-27","nan, nan, nan, nan",DrosEU_3,PoolSeq,457
"DK_Mid_Kar_1_2017-08-08, DK_Mid_Kar_1_2018-06-30, DK_Mid_Kar_1_2018-10-05, DK_Mid_Kar_1_2019-07-09, DK_Mid_Kar_1_2019-10-01, DK_Mid_Kar_1_2020-07-31, DK_Mid_Kar_1_2020-10-31, DK_Mid_Kar_1_2014-09-01, DK_Mid_Kar_1_2014-11-25, DK_Mid_Kar_1_2016-06-08, DK_Mid_Kar_1_2016-09-15, DK_Mid_Kar_1_2016-11-22",55.94512799999999,10.212586,Europe,Denmark,12,474,12,"2017-08-08,2018-06-30,2018-10-05,2019-07-09,2019-10-01,2020-07-31,2020-10-31,2014-09-01,2014-11-25,2016-06-08,2016-09-15,2016-11-22","nan, nan, nan, nan, nan, nan, nan, SRR5647772, SRR5647771, SRR8494440, SRR8494438, SRR8494437","DrosEU_3, DrosEU",PoolSeq,2252
"ES_Bar_Bar_1_2012-07-13, ES_Bar_Bar_1_2012-10-16",41.38,2.17,Europe,Spain,2,84,2,"2012-07-13,2012-10-16","SRR3590549, SRR3590548",DrosRTEC,PoolSeq,95
"ES_Ciu_Tom_1_2016-10-11, ES_Ciu_Tom_1_2017-10-04, ES_Ciu_Tom_1_2018-10-03, ES_Ciu_Tom_1_2020-09-30, ES_Ciu_Tom_1_2015-09-17, ES_Ciu_Tom_1_2015-10-08, ES_Ciu_Tom_1_2016-09-02",39.15781154285715,-3.033524028571429,Europe,Spain,7,280,7,"2016-10-11,2017-10-04,2018-10-03,2020-09-30,2015-09-17,2015-10-08,2016-09-02","SRR8494460, nan, nan, nan, SRR8439137, SRR8439136, SRR8494461","DrosEU, DrosEU_3",PoolSeq,1840
"ES_Gra_Gua_1_2015-09-12, ES_Gra_Pur_1_2016-08-30, ES_Gra_Ben_1_2016-10-08, ES_Gra_Ben_1_2017-10-05",37.346399875,-3.1720022,Europe,Spain,4,160,4,"2015-09-12,2016-08-30,2016-10-08,2017-10-05","SRR8439164, SRR8494462, SRR8494475, nan","DrosEU, DrosEU_3",PoolSeq,754
"ES_Gra_Cor_1_2015-08-08, ES_Gra_Cor_1_2017-07-28",37.66166013029405,-2.79627267302351,Europe,Spain,2,80,2,"2015-08-08,2017-07-28","SRR8439163, nan","DrosEU, DrosEU_3",PoolSeq,720
"ES_Ler_Gim_1_2014-08-13, ES_Ler_Gim_1_2014-10-20",41.6175899,0.6200146,Europe,Spain,2,80,2,"2014-08-13,2014-10-20","SRR5647776, SRR5647769",DrosEU,PoolSeq,68
"ES_Ler_Gim_1_2017-07-24, ES_Ler_Gim_1_2017-10-14, ES_Ler_Gim_1_2018-08-25, ES_Ler_Gim_1_2018-10-26, ES_Ler_Gim_1_2019-08-25, ES_Ler_Gim_1_2020-10-26, ES_Ler_Gim_1_2021-08-31, ES_Ler_Gim_1_2015-06-28, ES_Ler_Gim_1_2015-10-22, ES_Ler_Gim_1_2016-08-25, ES_Ler_Gim_1_2016-10-21",41.6548429090909,0.3869695454545454,Europe,Spain,11,410,11,"2017-07-24,2017-10-14,2018-08-25,2018-10-26,2019-08-25,2020-10-26,2021-08-31,2015-06-28,2015-10-22,2016-08-25,2016-10-21","nan, nan, nan, nan, nan, nan, nan, SRR8439138, SRR8439168, SRR8494470, SRR8494472","DrosEU_3, DrosEU",PoolSeq,2256
"FI_Cen_Ves_1_2014-07-26, FI_Cen_Ves_1_2016-07-29",62.55,26.24,Europe,Finland,2,73,2,"2014-07-26,2016-07-29","SRR5647773, SRR8494442",DrosEU,PoolSeq,734
"FI_Pir_Aka_1_2020-10-04, FI_Pir_Aka_1_2021-07-07, FI_Pir_Aka_1_2021-09-17, FI_Pir_Aka_1_2014-07-25, FI_Pir_Aka_1_2014-08-27, FI_Pir_Aka_1_2015-07-21, FI_Pir_Aka_1_2015-10-01, FI_Pir_Aka_1_2016-07-24, FI_Pir_Aka_1_2016-09-17, FI_Pir_Aka_1_2017-07-20, FI_Pir_Aka_1_2017-09-25, FI_Pir_Aka_1_2018-07-17, FI_Pir_Aka_1_2018-09-20, FI_Pir_Aka_1_2019-07-19, FI_Pir_Aka_1_2019-08-25, FI_Pir_Aka_1_2020-06-28",61.1,23.51,Europe,Finland,16,624,16,"2020-10-04,2021-07-07,2021-09-17,2014-07-25,2014-08-27,2015-07-21,2015-10-01,2016-07-24,2016-09-17,2017-07-20,2017-09-25,2018-07-17,2018-09-20,2019-07-19,2019-08-25,2020-06-28","nan, nan, nan, SRR5647775, SRR5647774, SRR8439161, SRR8439162, SRR8494445, SRR8494443, nan, nan, nan, nan, nan, nan, nan","DrosEU_3, DrosEU",PoolSeq,2611
"FR_Ain_Civ_1_2019-06-15, FR_Ain_Ver_1_2017-09-21",45.9105,4.896,Europe,France,2,80,2,"2019-06-15,2017-09-21","nan, nan",DrosEU_3,PoolSeq,632
"FR_Cot_Vie_1_2021-08-11, FR_Cot_Vie_1_2019-10-19, FR_Cot_Vie_1_2020-08-03",47.26698,5.454433333333333,Europe,France,3,116,3,"2021-08-11,2019-10-19,2020-08-03","nan, nan, nan",DrosEU_3,PoolSeq,662
"FR_Dro_Got_1_2014-07-08, FR_Dro_Got_1_2015-05-21, FR_Dro_Got_1_2015-09-09, FR_Dro_Got_1_2015-10-13, FR_Dro_Got_1_2016-06-13",44.9769252,4.930002,Europe,France,5,200,5,"2014-07-08,2015-05-21,2015-09-09,2015-10-13,2016-06-13","SRR5647753, SRR8439122, SRR8439123, SRR8439126, SRR8494447",DrosEU,PoolSeq,706
"FR_Ess_Vil_1_2015-08-10, FR_Ess_Vil_1_2015-10-14, FR_Ess_Vil_1_2016-08-12, FR_Ess_Vil_1_2017-08-24, FR_Ess_Vil_1_2017-10-17, FR_Ess_Vil_1_2014-08-18, FR_Ess_Vil_1_2014-10-27",48.7529996,2.158176057142857,Europe,France,7,280,7,"2015-08-10,2015-10-14,2016-08-12,2017-08-24,2017-10-17,2014-08-18,2014-10-27","SRR8439165, SRR8439120, SRR8494435, nan, nan, SRR5647755, SRR5647729","DrosEU, DrosEU_3",PoolSeq,1156
"FR_Hau_Civ_1_2018-06-16, FR_Hau_Civ_1_2018-09-15",45.0,4.0,Europe,France,2,80,2,"2018-06-16,2018-09-15","nan, nan",DrosEU_3,PoolSeq,91
"FR_Her_Sai_1_2020-11-12, FR_Her_Sai_1_2021-06-10",43.709061,3.848005,Europe,France,2,80,2,"2020-11-12,2021-06-10","nan, nan",DrosEU_3,PoolSeq,210
"FR_Ill_Sai_1_2017-07-22, FR_Ill_Sai_1_2017-09-16",48.13,-1.58,Europe,France,2,80,2,"2017-07-22,2017-09-16","nan, nan",DrosEU_3,PoolSeq,56
"GB_Eas_Sus_1_2021-07-09, GB_Eas_Sus_1_2021-09-01",51.0997675,0.1644074999999999,Europe,UK,2,76,2,"2021-07-09,2021-09-01","nan, nan",DrosEU_3,PoolSeq,54
"GB_Edi_Edi_1_2021-08-29, GB_Edi_Edi_1_2021-10-04",55.93235,-3.19515,Europe,UK,2,80,2,"2021-08-29,2021-10-04","nan, nan",DrosEU_3,PoolSeq,36
"GB_Fif_Dai_1_2015-08-19, GB_Fif_Dai_1_2016-08-06, GB_Fif_Dai_1_2020-MM-DD",56.345464666666665,-2.9519353333333336,Europe,"United Kingdom, UK",3,120,3,"2015-08-19,2016-08-06,2020-MM-DD","SRR8439142, SRR8494478, nan","DrosEU, DrosEU_3",PoolSeq,353
"GB_Lei_Mar_1_2014-10-20, GB_Nor_Mar_1_2015-07-07, GB_Nor_Mar_1_2016-10-23",52.465523,-0.9465056666666666,Europe,United Kingdom,3,120,3,"2014-10-20,2015-07-07,2016-10-23","SRR5647760, SRR8439121, SRR8494432",DrosEU,PoolSeq,734
"GB_Nor_Mar_1_2017-10-10, GB_Nor_Mar_2_2017-10-10, GB_Nor_Mar_3_2017-10-10",52.46086111,0.95902778,Europe,UK,3,108,3,2017-10-10,"nan, nan, nan",DrosEU_3,PoolSeq,0
"GB_Per_Dru_1_2020-09-07, GB_Per_Mut_1_2021-08-05",56.32037,-3.78096,Europe,UK,2,80,2,"2020-09-07,2021-08-05","nan, nan",DrosEU_3,PoolSeq,332
"GB_She_She_1_2014-08-25, GB_She_She_1_2015-10-04",53.39076,-1.5207995,Europe,United Kingdom,2,80,2,"2014-08-25,2015-10-04","SRR5647752, SRR8439153",DrosEU,PoolSeq,405
"GR_Kri_Her_1_2020-07-13, GR_Kri_Ira_1_2017-11-06, GR_Kri_Ira_1_2018-10-11, GR_Kri_Ira_1_2019-MM-DD, GR_Kri_Ira_1_2021-10-20",35.27935655386768,25.10380456728082,Europe,Greece,5,170,5,"2020-07-13,2017-11-06,2018-10-11,2019-MM-DD,2021-10-20","nan, nan, nan, nan, nan",DrosEU_3,PoolSeq,1444
"HR_Dub_Her_1_2019-09-19, HR_Dub_Kam_1_2017-09-20",42.2805,18.328,Europe,Montenegro,2,80,2,"2019-09-19,2017-09-20","nan, nan",DrosEU_3,PoolSeq,729
"HU_Pes_Pil_1_2018-07-04, HU_Pes_Pil_1_2018-10-30, HU_Pes_Pil_1_2020-08-17",47.617361,18.892002,Europe,Hungary,3,120,3,"2018-07-04,2018-10-30,2020-08-17","nan, nan, nan",DrosEU_3,PoolSeq,775
"IT_Tre_San_1_2015-09-29, IT_Tre_San_1_2015-10-10, IT_Tre_San_1_2019-10-01, IT_Tre_San_1_2021-06-28, IT_Tre_San_1_2021-10-01, IT_Tre_Tre_1_2016-08-24",46.19943883333334,11.125464,Europe,Italy,6,232,6,"2015-09-29,2015-10-10,2019-10-01,2021-06-28,2021-10-01,2016-08-24","SRR8439118, SRR8439119, nan, nan, nan, SRR8494456","DrosEU, DrosEU_3",PoolSeq,2194
"MA_Ori_Ber_1_2017-07-10, MA_Ori_Ber_1_2017-09-15",34.9562894400356,-2.26568341255188,Africa,Morocco,2,39,2,"2017-07-10,2017-09-15","nan, nan",DrosEU_3,PoolSeq,67
"MA_Ori_Ber_1_2018-07-16, MA_Ori_Ber_1_2019-09-11, MA_Ori_Ber_1_2020-09-21, MA_Ori_Nad_1_2016-07-21, MA_Ori_Nad_1_2016-10-04",35.03081219076788,-2.39878266506348,Africa,Morocco,5,139,5,"2018-07-16,2019-09-11,2020-09-21,2016-07-21,2016-10-04","nan, nan, nan, nan, nan",DrosEU_3,PoolSeq,1523
"NL_Gro_Gro_1_2017-10-11, NL_Gro_Gro_1_2019-10-09, NL_Gro_Gro_1_2020-10-15",53.15385666666666,6.30449,Europe,Netherlands,3,97,3,"2017-10-11,2019-10-09,2020-10-15","nan, nan, nan",DrosEU_3,PoolSeq,1100
"PL_War_Brz_1_2015-09-28, PL_War_Brz_1_2016-08-08, PL_War_Brz_1_2017-08-20",54.273446666666665,19.620168333333336,Europe,Poland,3,120,3,"2015-09-28,2016-08-08,2017-08-20","SRR8439154, SRR8494458, nan","DrosEU, DrosEU_3",PoolSeq,692
"PT_Por_Rec_1_2014-09-26, PT_Por_Rec_1_2015-09-01, PT_Por_Rec_1_2016-10-01",41.15,-8.41,Europe,Portugal,3,120,3,"2014-09-26,2015-09-01,2016-10-01","SRR5647770, SRR8439150, SRR8494457",DrosEU,PoolSeq,736
"RS_Sre_Sla_1_2016-06-18, RS_Sre_Sla_1_2016-09-09, RS_Sre_Sla_1_2017-06-28, RS_Sre_Sla_1_2017-09-28, RS_Sre_Sla_1_2019-06-14",45.13,20.208,Europe,Serbia,5,199,5,"2016-06-18,2016-09-09,2017-06-28,2017-09-28,2019-06-14","SRR8494473, SRR8494474, nan, nan, nan","DrosEU, DrosEU_3",PoolSeq,1091
"RS_Sre_Sta_1_2020-07-02, RS_Sre_Sta_1_2020-09-14, RS_Sre_Sta_1_2021-06-22, RS_Sre_Sta_1_2019-07-21",44.9863,20.166625,Europe,Serbia,4,160,4,"2020-07-02,2020-09-14,2021-06-22,2019-07-21","nan, nan, nan, nan",DrosEU_3,PoolSeq,702
"RS_Zaj_Kal_1_2016-06-30, RS_Zaj_Kal_1_2016-09-13",43.4,22.42,Europe,Serbia,2,80,2,"2016-06-30,2016-09-13","SRR8494479, SRR8494471",DrosEU,PoolSeq,75
"RU_Cri_Yal_1_2015-08-24, RU_Cri_Yal_1_2016-08-20, RU_Cri_Yal_1_2014-06-20, RU_Cri_Yal_1_2014-08-27, RU_Cri_Yal_1_2015-06-24",44.5015,34.166115551999994,Europe,Ukraine,5,200,5,"2015-08-24,2016-08-20,2014-06-20,2014-08-27,2015-06-24","SRR8439167, SRR8494436, SRR5647764, SRR5647763, SRR8439131",DrosEU,PoolSeq,792
"RU_Nov_Val_1_2014-08-17, RU_Nov_Val_1_2015-08-23, RU_Nov_Val_1_2015-10-05, RU_Nov_Val_1_2016-08-23, RU_Nov_Val_1_2016-09-29, RU_Nov_Val_1_2016-10-24, RU_Nov_Val_1_2017-08-25, RU_Nov_Val_1_2017-10-01, RU_Nov_Val_1_2018-08-28",58.01927987777778,33.236204111111114,Europe,Russia,9,360,9,"2014-08-17,2015-08-23,2015-10-05,2016-08-23,2016-09-29,2016-10-24,2017-08-25,2017-10-01,2018-08-28","SRR5647741, SRR8439160, SRR8439158, SRR8494449, SRR8494450, SRR8494477, nan, nan, nan","DrosEU, DrosEU_3",PoolSeq,1472
"RU_Vla_Ale_1_2018-10-13, RU_Vla_Ale_1_2015-09-15, RU_Vla_Ale_1_2016-10-15, RU_Vla_Ale_1_2017-08-15, RU_Vla_Ale_1_2018-09-09",56.41472,38.71611,Europe,Russia,5,200,5,"2018-10-13,2015-09-15,2016-10-15,2017-08-15,2018-09-09","nan, SRR8439141, SRR8494476, nan, nan","DrosEU_3, DrosEU",PoolSeq,1124
"SE_Ska_Lun_1_2014-07-31, SE_Ska_Lun_1_2015-08-08, SE_Ska_Lun_1_2015-08-24",55.694,13.198,Europe,Sweden,3,120,3,"2014-07-31,2015-08-08,2015-08-24","SRR5647735, SRR8439151, SRR8439156",DrosEU,PoolSeq,389
"TR_Ank_Yes_1_2014-08-31, TR_Ank_Yes_1_2014-10-23, TR_Ank_Yes_1_2015-05-01, TR_Ank_Yes_1_2015-06-01, TR_Ank_Yes_1_2015-07-28, TR_Ank_Yes_1_2015-08-27, TR_Ank_Yes_1_2015-09-17, TR_Ank_Yes_1_2015-10-15, TR_Ank_Yes_1_2016-05-26, TR_Ank_Yes_1_2016-06-25, TR_Ank_Yes_1_2016-07-27, TR_Ank_Yes_1_2016-08-24, TR_Ank_Yes_1_2016-09-27, TR_Ank_Yes_1_2016-10-13, TR_Ank_Yes_1_2017-06-07, TR_Ank_Yes_1_2017-06-30, TR_Ank_Yes_1_2017-07-29, TR_Ank_Yes_1_2017-08-30, TR_Ank_Yes_1_2017-09-26, TR_Ank_Yes_1_2017-10-13, TR_Ank_Yes_1_2018-05-19, TR_Ank_Yes_1_2018-06-25, TR_Ank_Yes_1_2018-07-28, TR_Ank_Yes_1_2018-08-27, TR_Ank_Yes_1_2018-09-27, TR_Ank_Yes_1_2018-10-12, TR_Ank_Yes_1_2019-06-26, TR_Ank_Yes_1_2019-08-14, TR_Ank_Yes_1_2019-09-17, TR_Ank_Yes_1_2019-10-10, TR_Ank_Yes_1_2020-05-21, TR_Ank_Yes_1_2020-06-26, TR_Ank_Yes_1_2020-07-13, TR_Ank_Yes_1_2020-08-18, TR_Ank_Yes_1_2020-09-16, TR_Ank_Yes_1_2020-10-14, TR_Ank_Yes_1_2021-05-19, TR_Ank_Yes_1_2021-06-25, TR_Ank_Yes_1_2021-07-27, TR_Ank_Yes_1_2021-08-19, TR_Ank_Yes_1_2021-09-20, TR_Ank_Yes_1_2021-10-16",40.23144471428572,32.26032871428571,Asia,Turkey,42,1647,42,"2014-08-31,2014-10-23,2015-05-01,2015-06-01,2015-07-28,2015-08-27,2015-09-17,2015-10-15,2016-05-26,2016-06-25,2016-07-27,2016-08-24,2016-09-27,2016-10-13,2017-06-07,2017-06-30,2017-07-29,2017-08-30,2017-09-26,2017-10-13,2018-05-19,2018-06-25,2018-07-28,2018-08-27,2018-09-27,2018-10-12,2019-06-26,2019-08-14,2019-09-17,2019-10-10,2020-05-21,2020-06-26,2020-07-13,2020-08-18,2020-09-16,2020-10-14,2021-05-19,2021-06-25,2021-07-27,2021-08-19,2021-09-20,2021-10-16","SRR5647749, SRR5647748, SRR8439113, SRR8439111, SRR8439110, SRR8439109, SRR8439108, SRR8439107, SRR8494467, SRR8494465, SRR8494464, SRR8494463, SRR8494468, SRR8494423, nan, nan, nan, nan, nan, nan, nan, nan, nan, nan, nan, nan, nan, nan, nan, nan, nan, nan, nan, nan, nan, nan, nan, nan, nan, nan, nan, nan","DrosEU, DrosEU_3",PoolSeq,2603
"UA_Che_Dmy_1_2021-07-17, UA_Che_Uma_1_2014-10-01, UA_Che_Uma_1_2015-09-26, UA_Che_Uma_1_2016-09-11, UA_Che_Uma_1_2016-09-17, UA_Che_Uma_1_2017-09-16, UA_Che_Uma_1_2017-10-07, UA_Che_Uma_1_2018-09-21, UA_Che_Uma_1_2019-08-13, UA_Che_Uma_1_2019-10-14, UA_Che_Uma_1_2019-10-20, UA_Che_Uma_1_2020-08-19, UA_Che_Uma_1_2020-09-27, UA_Che_Uma_1_2021-09-19",48.76328525428572,30.217751508571432,Europe,Ukraine,14,556,14,"2021-07-17,2014-10-01,2015-09-26,2016-09-11,2016-09-17,2017-09-16,2017-10-07,2018-09-21,2019-08-13,2019-10-14,2019-10-20,2020-08-19,2020-09-27,2021-09-19","nan, SRR5647740, SRR8439117, SRR8494422, SRR8494425, nan, nan, nan, nan, nan, nan, nan, nan, nan","DrosEU_3, DrosEU",PoolSeq,2545
"UA_Che_Var_1_2015-08-25, UA_Che_Var_1_2016-08-26, UA_Che_Var_1_2018-09-03, UA_Che_Var_1_2019-09-14, UA_Che_Var_1_2020-10-11, UA_Che_Var_1_2021-09-26, UA_Che_Var_1_2014-08-18",50.488075251428576,32.71420585714286,Europe,Ukraine,7,278,7,"2015-08-25,2016-08-26,2018-09-03,2019-09-14,2020-10-11,2021-09-26,2014-08-18","SRR8439152, SRR8494469, nan, nan, nan, nan, SRR5647738","DrosEU, DrosEU_3",PoolSeq,2596
"UA_Don_Mar_1_2021-08-23, UA_Don_Mar_2_2021-08-23",47.11472916,37.678114055,Europe,Ukraine,2,80,2,2021-08-23,"nan, nan",DrosEU_3,PoolSeq,0
"UA_Kha_Kha_1_2014-07-26, UA_Kha_Kha_1_2014-09-14, UA_Kha_Kha_1_2015-08-20, UA_Kha_Kha_1_2016-08-18",49.81852778,36.05475,Europe,Ukraine,4,160,4,"2014-07-26,2014-09-14,2015-08-20,2016-08-18","SRR5647747, SRR5647730, SRR8439146, SRR8494446",DrosEU,PoolSeq,754
"UA_Kha_Kha_1_2018-09-24, UA_Kha_Kha_1_2021-08-18",49.990083,36.230678,Europe,Ukraine,2,80,2,"2018-09-24,2021-08-18","nan, nan",DrosEU_3,PoolSeq,1059
"UA_Kie_Cho_1_2014-09-13, UA_Kie_Cho_1_2015-06-15, UA_Kie_Cho_1_2015-07-07, UA_Kie_Cho_1_2015-08-20, UA_Kie_Cho_1_2015-08-26, UA_Kie_Cho_1_2016-09-04, UA_Kie_Cho_1_2016-09-05, UA_Kie_Cho_1_2019-09-06, UA_Kie_Cho_2_2014-09-13, UA_Kie_Cho_2_2015-08-26, UA_Kie_Cho_2_2016-09-04, UA_Kie_Cho_3_2015-08-26, UA_Kie_Cho_4_2014-09-13, UA_Kie_Cho_4_2015-08-26, UA_Kie_Cho_6_2015-08-26, UA_Kie_Kop_1_2019-09-06, UA_Kie_Pri_1_2016-09-03",51.33362840647059,30.15220214529412,Europe,Ukraine,17,673,17,"2014-09-13,2015-06-15,2015-07-07,2015-08-20,2015-08-26,2016-09-04,2016-09-05,2019-09-06,2016-09-03","SRR5647731, SRR8439133, SRR8439115, SRR8439132, SRR8439139, SRR8494431, SRR8494444, nan, SRR5647733, SRR8439128, SRR8494433, SRR8439149, SRR5647734, SRR8439134, SRR8439135, nan, SRR8494426","DrosEU, DrosEU_3",PoolSeq,1819
"UA_Kie_Cho_3_2014-09-13, UA_Kie_Cho_5_2015-08-26",51.27888889,29.39438889,Europe,Ukraine,2,75,2,"2014-09-13,2015-08-26","SRR5647742, SRR8439169",DrosEU,PoolSeq,347
"UA_Kie_Hle_1_2021-08-29, UA_Kie_Kyi_1_2015-08-10, UA_Kie_Kyi_1_2016-08-06, UA_Kie_Kyi_1_2016-09-04, UA_Kie_Kyi_1_2016-10-03, UA_Kie_Vys_1_2017-08-11, UA_Kie_Vys_1_2017-09-03, UA_Kie_Vys_1_2017-09-26, UA_Kie_Vys_1_2017-10-19, UA_Kie_Vys_1_2018-07-25, UA_Kie_Vys_1_2018-08-29, UA_Kie_Vys_1_2018-09-27, UA_Kie_Vys_1_2019-08-12, UA_Kie_Vys_1_2019-09-02, UA_Kie_Vys_1_2020-08-18, UA_Kie_Vys_1_2020-09-21, UA_Kie_Vys_1_2020-10-15, UA_Kie_Vys_1_2021-08-01, UA_Kie_Vys_1_2021-09-19",50.377830105263165,30.365216000000004,Europe,Ukraine,19,750,19,"2021-08-29,2015-08-10,2016-08-06,2016-09-04,2016-10-03,2017-08-11,2017-09-03,2017-09-26,2017-10-19,2018-07-25,2018-08-29,2018-09-27,2019-08-12,2019-09-02,2020-08-18,2020-09-21,2020-10-15,2021-08-01,2021-09-19","nan, SRR8439147, SRR8494430, SRR8494466, SRR8494428, nan, nan, nan, nan, nan, nan, nan, nan, nan, nan, nan, nan, nan, nan","DrosEU_3, DrosEU",PoolSeq,2232
"UA_Kie_Kyi_1_2020-09-29, UA_Kie_Kyi_1_2014-08-09, UA_Kie_Kyi_1_2014-09-08, UA_Kie_Kyi_1_2014-10-11",50.352708335,30.4856060825,Europe,Ukraine,4,160,4,"2020-09-29,2014-08-09,2014-09-08,2014-10-11","nan, SRR5647736, SRR5647737, SRR5647743","DrosEU_3, DrosEU",PoolSeq,2243
"UA_Lvi_Dro_1_2014-08-24, UA_Lvi_Dro_1_2015-09-18, UA_Lvi_Dro_1_2016-09-12",49.32991667000001,23.50280556,Europe,Ukraine,3,120,3,"2014-08-24,2015-09-18,2016-09-12","SRR5647732, SRR8439116, SRR8494441",DrosEU,PoolSeq,750
"UA_Ode_Ode_1_2014-07-03, UA_Ode_Ode_1_2014-07-22, UA_Ode_Ode_1_2014-08-29, UA_Ode_Ode_1_2014-10-10, UA_Ode_Ode_1_2015-06-30, UA_Ode_Ode_1_2015-07-26, UA_Ode_Ode_1_2015-08-27, UA_Ode_Ode_1_2015-09-26, UA_Ode_Ode_1_2016-08-20, UA_Ode_Ode_1_2016-09-15, UA_Ode_Ode_1_2017-08-12, UA_Ode_Ode_1_2017-09-23, UA_Ode_Ode_1_2018-06-30, UA_Ode_Ode_1_2018-08-15, UA_Ode_Ode_1_2018-09-15, UA_Ode_Ode_1_2019-06-15, UA_Ode_Ode_1_2019-09-06, UA_Ode_Ode_1_2020-08-28, UA_Ode_Ode_1_2020-09-26, UA_Ode_Ode_1_2020-09-28, UA_Ode_Ode_1_2020-10-30, UA_Ode_Ode_1_2021-11-11, UA_Ode_Ode_1_2013-05-16, UA_Ode_Ode_1_2013-10-15",46.441258918333325,30.758902915000004,Europe,Ukraine,24,956,24,"2014-07-03,2014-07-22,2014-08-29,2014-10-10,2015-06-30,2015-07-26,2015-08-27,2015-09-26,2016-08-20,2016-09-15,2017-08-12,2017-09-23,2018-06-30,2018-08-15,2018-09-15,2019-06-15,2019-09-06,2020-08-28,2020-09-26,2020-09-28,2020-10-30,2021-11-11,2013-05-16,2013-10-15","SRR5647766, SRR5647765, SRR5647768, SRR5647767, SRR8439145, SRR8439140, SRR8439130, SRR8439155, SRR8494429, SRR8494427, nan, nan, nan, nan, nan, nan, nan, nan, nan, nan, nan, nan, SRR3939055, SRR3939053","DrosEU, DrosEU_3, DrosRTEC",PoolSeq,3101
"UA_Pol_Pyr_1_2014-08-20, UA_Pol_Pyr_1_2015-08-26, UA_Pol_Pyr_1_2017-08-22, UA_Pol_Pyr_1_2017-09-03, UA_Pol_Pyr_1_2019-08-25, UA_Pol_Pyr_1_2019-09-06, UA_Pol_Pyr_1_2021-07-29",50.305714285714295,32.50053587428571,Europe,Ukraine,7,270,7,"2014-08-20,2015-08-26,2017-08-22,2017-09-03,2019-08-25,2019-09-06,2021-07-29","SRR5647739, SRR8439129, nan, nan, nan, nan, nan","DrosEU, DrosEU_3",PoolSeq,2535
"US_Cal_And_-1_2013-10-15, US_Cal_And_11_2013-10-15, US_Cal_And_13_2013-10-15, US_Cal_And_15_2013-10-15, US_Cal_And_17_2013-10-15, US_Cal_And_19_2013-10-15, US_Cal_And_1_2013-10-15, US_Cal_And_3_2013-10-15, US_Cal_And_5_2013-10-15, US_Cal_And_7_2013-10-15, US_Cal_And_9_2013-10-15",39.14999999999999,-123.65000000000003,North_America,USA,11,951,11,2013-10-15,"SRR8448935;SRR8449053;SRR8449026;SRR8449068;SRR8448928, SRR8449018, SRR8448971, SRR8448935, SRR8449053, SRR8449026, SRR8449040, SRR8448989, SRR8448941, SRR8449068, SRR8448928",dest_plus,PoolSeq,0
"US_Cal_And_0_2013-10-15, US_Cal_And_10_2013-10-15, US_Cal_And_12_2013-10-15, US_Cal_And_14_2013-10-15, US_Cal_And_16_2013-10-15, US_Cal_And_18_2013-10-15, US_Cal_And_20_2013-10-15, US_Cal_And_2_2013-10-15, US_Cal_And_4_2013-10-15, US_Cal_And_6_2013-10-15, US_Cal_And_8_2013-10-15",39.0,-123.21,North_America,USA,11,1268,11,2013-10-15,"SRR8448929;SRR8449019;SRR8448970;SRR8448934;SRR8449052;SRR8449027;SRR8449041;SRR8448988;SRR8448940;SRR8449067, SRR8448929, SRR8449019, SRR8448970, SRR8448934, SRR8449052, SRR8449027, SRR8449041, SRR8448988, SRR8448940, SRR8449067",dest_plus,PoolSeq,0
"US_Cal_Esp_1_2012-06-13, US_Cal_Esp_1_2012-08-22, US_Cal_Esp_1_2012-11-20, US_Cal_Esp_1_2013-05-07, US_Cal_Esp_1_2013-09-01",38.68,-122.046,North_America,USA,5,318,5,"2012-06-13,2012-08-22,2012-11-20,2013-05-07,2013-09-01","SRR3939042, SRR3939043, SRR3939103, SRR3939104, SRR3939048",DrosRTEC,PoolSeq,445
"US_Cal_Pla_1_2012-08-25, US_Cal_Pla_1_2012-11-18, US_Cal_Pla_1_2013-08-30, US_Cal_Pla_1_2013-12-16",38.74,-120.74,North_America,USA,4,316,4,"2012-08-25,2012-11-18,2013-08-30,2013-12-16","SRR3939054, SRR3939102, SRR3939045, SRR3939050",DrosRTEC,PoolSeq,478
"US_Cal_Sto_1_2012-11-15, US_Cal_Sto_1_2013-09-03, US_Cal_Sto_1_2012-10-01",38.02,-121.2,North_America,USA,3,230,3,"2012-11-15,2013-09-03,2012-10-01","SRR3939100, SRR3939047, SRR3939081",DrosRTEC,PoolSeq,337
"US_Cal_Tuo_1_2012-10-10, US_Cal_Tuo_1_2012-11-17, US_Cal_Tuo_1_2013-05-14, US_Cal_Tuo_1_2013-08-31, US_Cal_Tuo_1_2013-12-08",37.97,-120.26000000000002,North_America,USA,5,474,5,"2012-10-10,2012-11-17,2013-05-14,2013-08-31,2013-12-08","SRR3939093, SRR3939101, SRR3939044, SRR3939046, SRR3939049",DrosRTEC,PoolSeq,424
"US_Flo_Hom_1_2004-07-01, US_Flo_Hom_1_2010-07-15, US_Flo_Hom_1_2010-12-16, US_Flo_Hom_2_2004-07-01",25.483732000000003,-80.478335,North_America,USA,4,119,4,"2004-07-01,2010-07-15,2010-12-16","SRR1173991, SRR1525685, SRR1525694, SRR1173990","dest_plus, DrosRTEC",PoolSeq,2359
"US_Geo_Ath_1_2014-06-17, US_Geo_Ath_1_2014-10-15",33.95,-83.36,North_America,USA,2,143,2,"2014-06-17,2014-10-15","SRR3939057, SRR3939056",DrosRTEC,PoolSeq,120
"US_Lou_Bat_0_2013-09-15, US_Lou_Bat_10_2013-09-15, US_Lou_Bat_1_2013-09-15, US_Lou_Bat_2_2013-09-15, US_Lou_Bat_3_2013-09-15, US_Lou_Bat_4_2013-09-15, US_Lou_Bat_5_2013-09-15, US_Lou_Bat_6_2013-09-15, US_Lou_Bat_7_2013-09-15, US_Lou_Bat_8_2013-09-15, US_Lou_Bat_9_2013-09-15",30.430000000000003,-91.12,North_America,USA,11,1268,11,2013-09-15,"SRR8449048;SRR8448955;SRR8449045;SRR8449001;SRR8448948;SRR8449063;SRR8449007;SRR8449023;SRR8449003;SRR8448930, SRR8449048, SRR8448955, SRR8449045, SRR8449001, SRR8448948, SRR8449063, SRR8449007, SRR8449023, SRR8449003, SRR8448930",dest_plus,PoolSeq,0
"US_Lou_Wes_2_2013-09-15, US_Lou_Wes_3_2013-09-15, US_Lou_Wes_4_2013-09-15, US_Lou_Wes_5_2013-09-15, US_Lou_Wes_6_2013-09-15, US_Lou_Wes_7_2013-09-15, US_Lou_Wes_8_2013-09-15, US_Lou_Wes_9_2013-09-15, US_Lou_Wes_0_2013-09-15, US_Lou_Wes_10_2013-09-15, US_Lou_Wes_1_2013-09-15",32.5,-92.14,North_America,USA,11,1268,11,2013-09-15,"SRR8449044, SRR8449000, SRR8448949, SRR8449064, SRR8449008, SRR8449022, SRR8449002, SRR8448931, SRR8449049;SRR8448954;SRR8449044;SRR8449000;SRR8448949;SRR8449064;SRR8449008;SRR8449022;SRR8449002;SRR8448931, SRR8449049, SRR8448954",dest_plus,PoolSeq,0
"US_Mai_Bow_1_2004-07-01, US_Mai_Bow_1_2009-10-15, US_Mai_Bow_2_2009-10-15, US_Mai_Wal_1_2004-07-01",44.019676,-69.912372,North_America,USA,4,193,4,"2004-07-01,2009-10-15","SRR1177950, SRR1525698, SRR1525699, SRR1177123","dest_plus, DrosRTEC",PoolSeq,1932
"US_Mas_Lan_1_2012-07-28, US_Mas_Lan_1_2012-10-02, US_Mas_Lan_1_2014-07-20, US_Mas_Lan_1_2014-10-20",42.45,-71.67,North_America,USA,4,285,4,"2012-07-28,2012-10-02,2014-07-20,2014-10-20","SRR3590557, SRR3590556, SRR3939082, SRR3939080",DrosRTEC,PoolSeq,814
"US_Mic_Ben_1_2014-07-26, US_Mic_Ben_1_2014-11-05",42.1111,-86.4483,North_America,USA,2,140,2,"2014-07-26,2014-11-05","SRR3939059, SRR3939058",DrosRTEC,PoolSeq,102
"US_New_Ith_1_2004-07-01, US_New_Ith_1_2012-07-25, US_New_Ith_1_2012-09-23",42.41,-76.52333333333333,North_America,"United States, USA",3,107,3,"2004-07-01,2012-07-25,2012-09-23","nan, SRR3590559, SRR3590558","dgn, DrosRTEC",PoolSeq,3006
"US_Nor_Ral_1_2003-07-01, US_Nor_Ral_2_2003-07-01",35.765,-78.645,North_America,"United States, USA",2,297,2,2003-07-01,"nan, SRR1525697","dgn, DrosRTEC",PoolSeq,0
"US_Pen_Lin_1_2012-10-10, US_Pen_Lin_1_2013-06-15, US_Pen_Lin_1_2014-06-27, US_Pen_Lin_1_2014-10-17, US_Pen_Lin_1_2015-07-15, US_Pen_Lin_1_2015-10-15, US_Pen_Lin_1_2009-07-15, US_Pen_Lin_1_2009-11-16, US_Pen_Lin_1_2010-07-15, US_Pen_Lin_1_2010-11-16, US_Pen_Lin_1_2011-07-15, US_Pen_Lin_1_2011-10-15, US_Pen_Lin_1_2011-11-16, US_Pen_Lin_1_2012-07-16, US_Pen_Lin_1_2012-09-13",39.88,-75.41,North_America,USA,15,1037,15,"2012-10-10,2013-06-15,2014-06-27,2014-10-17,2015-07-15,2015-10-15,2009-07-15,2009-11-16,2010-07-15,2010-11-16,2011-07-15,2011-10-15,2011-11-16,2012-07-16,2012-09-13","SRR3590560, SRR3939095, SRR3939097, SRR3939096, SRR3939099, SRR3939098, SRR1525768, SRR1525769, SRR1525770, SRR1525771, SRR1525772, SRR1525773, SRR1525774, SRR3590561, SRR3590563",DrosRTEC,PoolSeq,2283
"US_Pen_Sta_1_2015-07-18, US_Pen_Sta_1_2014-06-18, US_Pen_Sta_1_2014-10-16",40.793395,-77.860001,North_America,USA,3,159,3,"2015-07-18,2014-06-18,2014-10-16","SRR3939089, SRR3939084, SRR3939083",DrosRTEC,PoolSeq,395
"US_Rho_Pro_10_2015-06-11, US_Rho_Pro_11_2015-06-11, US_Rho_Pro_12_2015-06-11, US_Rho_Pro_1_2014-09-25, US_Rho_Pro_1_2015-06-11, US_Rho_Pro_2_2014-09-25, US_Rho_Pro_2_2015-06-11, US_Rho_Pro_3_2014-09-25, US_Rho_Pro_3_2015-06-11, US_Rho_Pro_4_2014-09-25, US_Rho_Pro_4_2015-06-11, US_Rho_Pro_5_2014-09-25, US_Rho_Pro_5_2015-06-11, US_Rho_Pro_6_2015-06-11, US_Rho_Pro_7_2015-06-11, US_Rho_Pro_8_2015-06-11, US_Rho_Pro_9_2015-06-11",41.827604235294125,-71.39874747058825,North_America,USA,17,613,17,"2015-06-11,2014-09-25","SRR14308772, SRR14308771, SRR14308770, SRR14308776, SRR14308762, SRR14308775, SRR14308769, SRR14308766, SRR14308768, SRR14308765, SRR14308767, SRR14308764, SRR14308761, SRR14308760, SRR14308759, SRR14308774, SRR14308773",dest_plus,PoolSeq,259
"US_Tex_Lub_4_2013-09-15, US_Tex_Lub_5_2013-09-15, US_Tex_Lub_6_2013-09-15, US_Tex_Lub_7_2013-09-15, US_Tex_Lub_8_2013-09-15, US_Tex_Lub_9_2013-09-15, US_Tex_Lub_0_2013-09-15, US_Tex_Lub_10_2013-09-15, US_Tex_Lub_1_2013-09-15, US_Tex_Lub_2_2013-09-15, US_Tex_Lub_3_2013-09-15",33.57,-100.9,North_America,USA,11,1268,11,2013-09-15,"SRR8448964, SRR8449060, SRR8449012, SRR8448973, SRR8448956, SRR8448911, SRR8449057;SRR8449015;SRR8448983;SRR8448996;SRR8448964;SRR8449060;SRR8449012;SRR8448973;SRR8448956;SRR8448911, SRR8449057, SRR8449015, SRR8448983, SRR8448996",dest_plus,PoolSeq,0
"US_Tex_Sto_0_2013-09-15, US_Tex_Sto_10_2013-09-15, US_Tex_Sto_1_2013-09-15, US_Tex_Sto_2_2013-09-15, US_Tex_Sto_3_2013-09-15, US_Tex_Sto_4_2013-09-15, US_Tex_Sto_5_2013-09-15, US_Tex_Sto_6_2013-09-15, US_Tex_Sto_7_2013-09-15, US_Tex_Sto_8_2013-09-15, US_Tex_Sto_9_2013-09-15",30.230000000000004,-99.66,North_America,USA,11,1268,11,2013-09-15,"SRR8449056;SRR8449017;SRR8448982;SRR8448997;SRR8448965;SRR8449059;SRR8449011;SRR8448972;SRR8448957;SRR8448912, SRR8449056, SRR8449017, SRR8448982, SRR8448997, SRR8448965, SRR8449059, SRR8449011, SRR8448972, SRR8448957, SRR8448912",dest_plus,PoolSeq,0
"US_Vir_Cha_1_2012-07-18, US_Vir_Cha_1_2012-11-05, US_Vir_Cha_1_2014-06-25, US_Vir_Cha_1_2014-10-14, US_Vir_Cha_1_2015-07-01, US_Vir_Cha_1_2015-10-19, US_Vir_Cha_1_2016-06-24, US_Vir_Cha_1_2016-07-08, US_Vir_Cha_1_2016-07-22, US_Vir_Cha_1_2016-08-19, US_Vir_Cha_1_2016-09-02, US_Vir_Cha_1_2016-09-16, US_Vir_Cha_1_2016-10-03, US_Vir_Cha_1_2016-10-14, US_Vir_Cha_1_2016-10-28, US_Vir_Cha_1_2016-11-11, US_Vir_Cha_1_2016-12-03, US_Vir_Cha_1_2017-06-22, US_Vir_Cha_1_2017-07-07, US_Vir_Cha_1_2017-07-20, US_Vir_Cha_1_2017-08-03, US_Vir_Cha_1_2017-08-17, US_Vir_Cha_1_2017-08-31, US_Vir_Cha_1_2017-09-14, US_Vir_Cha_1_2017-09-28, US_Vir_Cha_1_2017-10-12, US_Vir_Cha_1_2017-10-26, US_Vir_Cha_1_2017-11-09, US_Vir_Cha_1_2017-11-24, US_Vir_Cha_1_2017-12-07, US_Vir_Cha_1_2018-06-28, US_Vir_Cha_1_2018-07-05, US_Vir_Cha_1_2018-07-12, US_Vir_Cha_1_2018-07-26, US_Vir_Cha_1_2018-08-09, US_Vir_Cha_1_2018-08-23, US_Vir_Cha_1_2018-09-06, US_Vir_Cha_1_2018-09-20, US_Vir_Cha_1_2018-10-04, US_Vir_Cha_1_2018-10-18, US_Vir_Cha_1_2018-10-25, US_Vir_Cha_1_2018-11-01, US_Vir_Cha_1_2018-11-29, US_Vir_Cha_1_2019-06-18, US_Vir_Cha_1_2019-08-14, US_Vir_Cha_1_2019-09-06, US_Vir_Cha_1_2020-07-03, US_Vir_Cha_1_2020-08-21, US_Vir_Cha_1_2020-09-30, US_Vir_Cha_1_2021-10-15",37.98152,-78.487336,North_America,USA,50,3422,50,"2012-07-18,2012-11-05,2014-06-25,2014-10-14,2015-07-01,2015-10-19,2016-06-24,2016-07-08,2016-07-22,2016-08-19,2016-09-02,2016-09-16,2016-10-03,2016-10-14,2016-10-28,2016-11-11,2016-12-03,2017-06-22,2017-07-07,2017-07-20,2017-08-03,2017-08-17,2017-08-31,2017-09-14,2017-09-28,2017-10-12,2017-10-26,2017-11-09,2017-11-24,2017-12-07,2018-06-28,2018-07-05,2018-07-12,2018-07-26,2018-08-09,2018-08-23,2018-09-06,2018-09-20,2018-10-04,2018-10-18,2018-10-25,2018-11-01,2018-11-29,2019-06-18,2019-08-14,2019-09-06,2020-07-03,2020-08-21,2020-09-30,2021-10-15","SRR3590551, SRR3590550, SRR3939077, SRR3939076, SRR3939088, SRR3939087, SRR14475045, SRR14475044, SRR14475033, SRR14475022, SRR14475014, SRR14475013, SRR14475012, SRR14475011, SRR14475010, SRR14475009, SRR14475043, SRR14475042, SRR14475041, SRR14475040, SRR14475039, SRR14475038, SRR14475037, SRR14475036, SRR14475035, SRR14475034, SRR14475032, SRR14475031, SRR14475030, SRR14475029, SRR14475028, SRR14475027, SRR14475026, SRR14475025, SRR14475024, SRR14475023, SRR14475021, SRR14475020, SRR14475019, SRR14475018, SRR14475017, SRR14475016, SRR14475015, nan, nan, nan, nan, nan, nan, nan","DrosRTEC, cville, DrosEU_3",PoolSeq,3376
"US_Wis_Cro_1_2012-06-10, US_Wis_Cro_1_2012-09-11, US_Wis_Cro_1_2012-10-20, US_Wis_Cro_1_2013-07-02, US_Wis_Cro_1_2013-09-22, US_Wis_Cro_1_2014-06-25, US_Wis_Cro_1_2014-09-18",43.11000000000001,-89.64999999999999,North_America,USA,7,729,7,"2012-06-10,2012-09-11,2012-10-20,2013-07-02,2013-09-22,2014-06-25,2014-09-18","SRR3590555, SRR3590562, SRR3590554, SRR3939051, SRR3939052, SRR3939078, SRR8061819",DrosRTEC,PoolSeq,830
"mel1, mel2, mel3, mel4, mel5",40.81,111.66,Asia,China,0,5,5,"2017-08-14,2017-08-13","SRR23103765, SRR23103933, SRR23103985, SRR23103841, SRR23103829",Chen et al. (2024),IndSeq,1
"LZ9, mel6, mel7, mel8, mel9, mel10",36.13,103.67,Asia,China,0,6,6,2017-08-11,"SRR23104000, SRR23103817, SRR23103901, SRR23103889, SRR23103781, SRR23103754",Chen et al. (2024),IndSeq,0
"mel11, mel12, mel13, mel14, mel15",42.2,116.46,Asia,China,0,5,5,2017-08-12,"SRR23104023, SRR23103908, SRR23103758, SRR23103971, SRR23103960",Chen et al. (2024),IndSeq,0
"mel17, mel18, mel19, mel20, mel16",40.0,124.35,Asia,China,0,5,5,"2017-08-18,2017-08-17","SRR23103808, SRR23103796, SRR23103977, SRR23103932, SRR23103948",Chen et al. (2024),IndSeq,1
"mel21, mel22, mel23, mel24, mel25",40.67,107.35,Asia,China,0,5,5,2017-08-16,"SRR23103920, SRR23104040, SRR23104028, SRR23104016, SRR23103872",Chen et al. (2024),IndSeq,0
"mel26, mel27, mel28, mel29, mel30, SZ1, SZ5",31.270000000000003,120.73,Asia,China,0,7,7,"2017-10-18,2017-08-19","SRR23103860, SRR23104012, SRR23104001, SRR23103990, SRR23103984, SRR23103769, SRR23103767",Chen et al. (2024),IndSeq,60
"mel33, mel34, mel35, mel31, mel32",39.67,106.8,Asia,China,0,5,5,2017-08-17,"SRR23103981, SRR23103848, SRR23103847, SRR23103983, SRR23103982",Chen et al. (2024),IndSeq,0
"mel36, mel37, mel38",31.3,121.5,Asia,China,0,3,3,2017-09-30,"SRR23103846, SRR23103844, SRR23103843",Chen et al. (2024),IndSeq,0
"mel39, mel40, mel41, mel42, mel43",41.75,123.37,Asia,China,0,5,5,"2017-08-08,2017-08-09","SRR23103842, SRR23103840, SRR23103839, SRR23103838, SRR23103837",Chen et al. (2024),IndSeq,1
"HLE8, mel44, mel45, mel46, mel47, mel48",49.22,119.77,Asia,China,0,6,6,"2017-08-10,2017-08-09","SRR23103979, SRR23103836, SRR23103835, SRR23103833, SRR23103832, SRR23103831",Chen et al. (2024),IndSeq,1
"mel49, mel50, mel51, mel52, mel53",43.86,125.31999999999998,Asia,China,0,5,5,2017-08-12,"SRR23103830, SRR23103828, SRR23103827, SRR23103826, SRR23103825",Chen et al. (2024),IndSeq,0
"BJC5, mel54, mel55, mel56, mel57, mel58",53.49,122.34000000000002,Asia,China,0,6,6,2017-08-13,"SRR23103980, SRR23103824, SRR23103822, SRR23103821, SRR23103820, SRR23103819",Chen et al. (2024),IndSeq,0
"mel59, mel60, mel61, mel62, mel63",42.58,128.32,Asia,China,0,5,5,2017-08-11,"SRR23103818, SRR23103912, SRR23103911, SRR23103910, SRR23103909",Chen et al. (2024),IndSeq,0
"mel285, mel286, mel287, mel288, mel64, mel65, mel66, mel67, mel269, mel270",28.211,113.018,Asia,China,0,10,10,"2020-09-13,2017-09-01","SRR23103995, SRR23103994, SRR23103993, SRR23103992, SRR23103907, SRR23103906, SRR23103905, SRR23103904, SRR23103849, SRR23104010",Chen et al. (2024),IndSeq,1108
"mel69, mel70, mel71, mel72, mel73",48.36,134.3,Asia,China,0,5,5,"2017-08-16,2017-08-17","SRR23103902, SRR23103900, SRR23103899, SRR23103898, SRR23103896",Chen et al. (2024),IndSeq,1
"WLMQ2, mel74, mel75, mel76, mel77, mel78",43.88999999999999,87.55,Asia,China,0,6,6,2017-08-17,"SRR23103766, SRR23103895, SRR23103894, SRR23103893, SRR23103892, SRR23103891",Chen et al. (2024),IndSeq,0
"mel81, mel82, mel83, mel79, mel80",45.75,126.63,Asia,China,0,5,5,"2017-08-06,2017-08-05","SRR23103887, SRR23103885, SRR23103884, SRR23103890, SRR23103888",Chen et al. (2024),IndSeq,1
"mel84, mel85, mel86, mel87, mel88",46.81,130.32,Asia,China,0,5,5,2017-08-14,"SRR23103883, SRR23103882, SRR23103881, SRR23103784, SRR23103783",Chen et al. (2024),IndSeq,0
"mel89, mel90, mel91, mel92, mel93",42.25,118.97,Asia,China,0,5,5,"2017-08-11,2017-08-10","SRR23103782, SRR23103780, SRR23103778, SRR23103777, SRR23103776",Chen et al. (2024),IndSeq,1
"mel97, mel98, mel95, mel96",34.85,105.67,Asia,China,0,4,4,2017-08-10,"SRR23103772, SRR23103771, SRR23103774, SRR23103773",Chen et al. (2024),IndSeq,0
"mel100, mel101, mel102, mel103",34.6,109.72,Asia,China,0,4,4,"2017-08-09,2017-08-19","SRR23103967, SRR23103956, SRR23103945, SRR23103806",Chen et al. (2024),IndSeq,10
"mel104, mel105, mel106, mel107, mel108",40.57,110.51000000000002,Asia,China,0,5,5,2017-08-15,"SRR23103795, SRR23103978, SRR23103935, SRR23103924, SRR23103913",Chen et al. (2024),IndSeq,0
"mel121, mel122, mel109, mel110, mel112, mel113",36.75,117.18000000000002,Asia,China,0,6,6,"2017-09-04,2017-09-01,2017-09-05","SRR23103886, SRR23103779, SRR23104034, SRR23103880, SRR23103869, SRR23103858",Chen et al. (2024),IndSeq,4
"mel114, mel115, mel116, mel117, mel118",39.77,98.36,Asia,China,0,5,5,"2017-08-14,2017-08-17","SRR23104011, SRR23103999, SRR23103988, SRR23103845, SRR23103834",Chen et al. (2024),IndSeq,3
"mel119, mel120, mel123, mel173, mel175, mel176, mel177, mel174",37.71,120.64,Asia,China,0,8,8,"2017-08-29,2017-09-01,2017-10-04","SRR23103823, SRR23103897, SRR23103768, SRR23103803, SRR23103801, SRR23103800, SRR23103799, SRR23103802",Chen et al. (2024),IndSeq,36
"mel124, mel125, mel126, mel127, mel128",42.98,129.49,Asia,China,0,5,5,2017-08-16,"SRR23103764, SRR23103763, SRR23103762, SRR23103761, SRR23103760",Chen et al. (2024),IndSeq,0
"mel130, mel131, mel132, mel133, mel129",36.18,116.76000000000002,Asia,China,0,5,5,"2017-08-04,2017-08-15","SRR23103757, SRR23103756, SRR23103755, SRR23103753, SRR23103759",Chen et al. (2024),IndSeq,11
"mel134, mel135, mel136, mel137, mel138",36.02,101.47,Asia,China,0,5,5,2017-08-13,"SRR23103976, SRR23103975, SRR23103974, SRR23103973, SRR23103972",Chen et al. (2024),IndSeq,0
"mel148, mel144, mel145, mel146, mel147",42.85,93.56,Asia,China,0,5,5,"2017-08-16,2017-08-15","SRR23103962, SRR23103966, SRR23103965, SRR23103964, SRR23103963",Chen et al. (2024),IndSeq,1
"mel149, mel150, mel151, mel152, mel153, mel159, mel160, mel161, mel162, mel163",44.3,86.04999999999998,Asia,China,0,10,10,2017-08-18,"SRR23103961, SRR23103959, SRR23103958, SRR23103957, SRR23103955, SRR23103949, SRR23103947, SRR23103946, SRR23103816, SRR23103815",Chen et al. (2024),IndSeq,0
"mel154, mel155, mel156, mel157, mel158",38.48,106.2,Asia,China,0,5,5,2017-08-19,"SRR23103954, SRR23103953, SRR23103952, SRR23103951, SRR23103950",Chen et al. (2024),IndSeq,0
"mel172, mel169, mel170, mel171",43.01,89.16,Asia,China,0,4,4,2017-08-16,"SRR23103804, SRR23103809, SRR23103807, SRR23103805",Chen et al. (2024),IndSeq,0
"mel180, mel181, mel182, mel178, mel179",38.83,100.39,Asia,China,0,5,5,"2017-08-15,2017-08-14","SRR23103794, SRR23103793, SRR23103792, SRR23103798, SRR23103797",Chen et al. (2024),IndSeq,1
"mel183, mel184, mel185, mel186, mel187",47.33,123.97,Asia,China,0,5,5,"2017-08-07,2017-08-08","SRR23103791, SRR23103790, SRR23103789, SRR23103788, SRR23103787",Chen et al. (2024),IndSeq,1
"mel188, mel189, mel190, mel191",36.28,103.0,Asia,China,0,4,4,2017-08-12,"SRR23103786, SRR23103785, SRR23103944, SRR23103943",Chen et al. (2024),IndSeq,0
"mel196, mel192, mel193, mel194, mel195",35.87,118.88,Asia,China,0,5,5,"2017-08-30,2017-08-31","SRR23103938, SRR23103942, SRR23103941, SRR23103940, SRR23103939",Chen et al. (2024),IndSeq,1
"mel197, mel198, mel199, mel200, mel201",38.98,121.59,Asia,China,0,5,5,2017-08-20,"SRR23103937, SRR23103936, SRR23103934, SRR23103931, SRR23103930",Chen et al. (2024),IndSeq,0
"mel202, mel203, mel204, mel205, mel206, mel207, mel208, mel209, mel210, mel211, mel212, mel213, mel214, mel215, mel216, mel217, mel218, mel219, mel220, mel221, mel222, mel223, mel224, mel225, mel226, mel227, mel228, mel229, mel230, mel231, mel232, mel233, mel234, mel235, mel236, mel237, mel238, mel239, mel240, mel241, mel242, mel243, mel244, mel245, mel246, mel247, mel248, mel249, mel250, mel251, mel252, mel253, mel254, mel255, mel256, mel257, mel258",29.65,91.18,Asia,China,0,57,57,"2017-09-21,2017-09-22,2017-09-23,2017-09-24,2017-09-25","SRR23103929, SRR23103928, SRR23103927, SRR23103926, SRR23103925, SRR23103923, SRR23103922, SRR23103921, SRR23103919, SRR23103918, SRR23103917, SRR23103916, SRR23103915, SRR23103914, SRR23104044, SRR23104043, SRR23104042, SRR23104041, SRR23104039, SRR23104038, SRR23104037, SRR23104036, SRR23104035, SRR23104033, SRR23104032, SRR23104031, SRR23104030, SRR23104029, SRR23104027, SRR23104026, SRR23104025, SRR23104024, SRR23104022, SRR23104021, SRR23104020, SRR23104019, SRR23104018, SRR23104017, SRR23104015, SRR23104014, SRR23104013, SRR23103879, SRR23103878, SRR23103877, SRR23103876, SRR23103875, SRR23103874, SRR23103873, SRR23103871, SRR23103870, SRR23103868, SRR23103867, SRR23103866, SRR23103865, SRR23103864, SRR23103863, SRR23103862",Chen et al. (2024),IndSeq,4
"mel260, mel261, mel262, mel263, mel278, mel259",30.3,105.33,Asia,China,0,6,6,"2020-09-07,2020-09-08","SRR23103859, SRR23103857, SRR23103856, SRR23103855, SRR23104003, SRR23103861",Chen et al. (2024),IndSeq,1
"mel264, mel265, mel266, mel267, mel268",29.43,106.36,Asia,China,0,5,5,2020-09-06,"SRR23103854, SRR23103853, SRR23103852, SRR23103851, SRR23103850",Chen et al. (2024),IndSeq,0
"mel271, mel272",24.33,103.38,Asia,China,0,2,2,2020-09-08,"SRR23104009, SRR23104008",Chen et al. (2024),IndSeq,0
"mel277, mel275, mel276",30.39333333333333,104.14666666666666,Asia,China,0,3,3,2020-09-09,"SRR23104004, SRR23104006, SRR23104005",Chen et al. (2024),IndSeq,0
"mel279, mel292",25.28,110.29,Asia,China,0,2,2,2020-09-06,"SRR23104002, SRR23103986",Chen et al. (2024),IndSeq,0
"mel281, mel282, mel283",27.01,106.02,Asia,China,0,3,3,"2020-09-04,2020-09-07","SRR23103998, SRR23103997, SRR23103996",Chen et al. (2024),IndSeq,3
"mel289, mel290, mel291",22.80666666666667,108.37666666666668,Asia,China,0,3,3,"2020-09-09,2020-09-08","SRR23103991, SRR23103989, SRR23103987",Chen et al. (2024),IndSeq,1
